person_id,chat_id,date,date_unixtime,org_txt,reply_to_message_id,text,channel_name
user956857432,361027,2023-04-15T00:38:55,1681506535,"درود هموطن با نخریدن خودرو و دوری از معاملات خودور به این دو حلبی ساز که تمام ارکان وزارت بی کفایت و دیگر مافیا تمام قد پشت آن ایستاده اند ثابت کنیم که ما ملت ایران حاضر به استفاده آهن پاره های شما به قیمت خودرو های روز دنیا نیستیم پیروز پاینده باشید
",,درود هموطن با نخریدن <خودرو> و دوری از معاملات خودور به این دو حلبی ساز که تمام ارکان وزارت بی‌کفایت و دیگر مافیا تمام قد پشت آن ایستاده‌اند ثابت کنیم که ما <ملت> ایران حاضر به استفاده آهن پاره‌های شما به قیمت خودرو‌های روز دنیا نیستیم پیروز پاینده باشید,گروه هزار تحلیل
channel1247075296,361043,2023-04-15T10:04:39,1681540479,"بورس کالا پیشنهاد افزایش سرمایه از دو محل سود انباشته و اندوخته داد
بورس کالا از پیشنهاد هیات مدیره مبنی بر افزایش سرمایه ۶۴ درصدی از دو محل سود انباشته و اندوخته خبر داد.
🔹به گزارش پایگاه خبری بورس پرس، بورس کالا از برنامه افزایش سرمایه 64 درصدی از دو محل سود انباشته و اندوخته خبر داد.
🔹بر اساس این گزارش، ""کالا"" در نظر دارد سرمایه فعلی را از 830 میلیارد به 1.36 هزار میلیارد تومان برساند. تامین مالی این شرکت در صورت موافقت از دو محل سود انباشته و سایر اندوخته ها به منظور الزام اجرای مصوبه هیات مدیره سازمان بورس اعمال خواهد شد


",,"<بورس> <کالا> پیشنهاد افزایش سرمایه از دو محل سود انباشته و اندوخته داد
<بورس> <کالا> از پیشنهاد هیات مدیره مبنی بر افزایش سرمایه 64 درصدی از دو محل سود انباشته و اندوخته خبر داد .
 به گزارش پایگاه خبری <بورس> پرس ، <بورس> <کالا> از برنامه افزایش سرمایه 64 درصدی از دو محل سود انباشته و اندوخته خبر داد .
 بر اساس این گزارش ، "" <کالا> "" در نظر دارد سرمایه فعلی را از 830 میلیارد به 1.36 هزار میلیارد تومان برساند . تامین مالی این شرکت در صورت موافقت از دو محل سود انباشته و سایر اندوخته‌ها به منظور الزام اجرای مصوبه هیات مدیره سازمان <بورس> اعمال خواهد شد",گروه هزار تحلیل
user164684213,361050,2023-04-15T11:56:44,1681547204,"خودرو و خساپا به احتمال زیاد صف خرید بشند قابل بررسی، اگر صف خرید شدند هدف سقف سال ۹۹
",,<خودرو> و <خساپا> به احتمال زیاد صف خرید بشند قابل بررسی ، اگر صف خرید شدند هدف سقف سال 99,گروه هزار تحلیل
user164684213,361051,2023-04-15T11:57:46,1681547266,"از فراکاب ها بورس هم وضعیت خوبی داره مدتی درجا زده ، اینم بررسی کنید
",,از فراکاب‌ها <بورس> هم وضعیت خوبی داره مدتی درجا زده ، اینم بررسی کنید,گروه هزار تحلیل
user164684213,361052,2023-04-16T07:36:10,1681617970,"وخارزم در حال شکستن مقاومت ، هدف بالاست. بررسی
",,<وخارزم> در حال شکستن مقاومت ، هدف بالاست . بررسی,گروه هزار تحلیل
user164684213,361053,2023-04-15T12:11:31,1681548091,"بورس صف خرید قدرتمند
",,<بورس> صف خرید قدرتمند,گروه هزار تحلیل
user164684213,361054,2023-04-15T12:18:35,1681548515,"کندل های وخارزم نشان از صف خرید میدند بررسی مجدد
",,کندل‌های <وخارزم> نشان از صف خرید میدند بررسی مجدد,گروه هزار تحلیل
user164684213,361055,2023-04-15T12:30:38,1681549238,"وتجارت و وخارزم هم صف خرید فردا حوالی صف خرید امروز
",,<وتجارت> و <وخارزم> هم صف خرید فردا حوالی صف خرید امروز,گروه هزار تحلیل
user1075476350,361058,2023-04-15T13:59:53,1681554593,"سلام من پول قابل توجهی تو بورس ندارم ولی این رشد غیر طبیعی است  سال ۹۹یه مثال همه میزنند که شما اگر زمینی بخری هر روز میری بهش سر میزنی ما هم خریدیم  بعداز ۳سال ضرر فروختم حواستون باشه این که هرروز داره ۷ درصد سهامتون رشد میکنه  حد سود و زیان  در نظر بگیرید
",,سلام من پول قابل‌توجهی تو <بورس> ندارم ولی این رشد غیر طبیعی است سال 99یه مثال همه میزنند که شما اگر زمینی بخری هر روز میری بهش سر میزنی ما هم خریدیم بعداز 3سال ضرر فروختم حواستون باشه این که هرروز داره 7 درصد سهامتون رشد میکنه حد سود و زیان در نظر بگیرید,گروه هزار تحلیل
channel1247075296,361061,2023-04-15T18:45:04,1681571704,"رکورد حقیقی‌ها در سبزترین روز بورس ۱۴۰۲
▪️امروز سبزترین روز بورس ۱۴۰۲ رقم خورد و همزمان با آن سهامداران خرد با ثبت خالص خرید ۲۳۴۶ میلیارد تومانی، دومین خرید پرمقدار از ریزش ۹۹ را رقم زدند که بیشترین ورود پول این دسته از معامله‌گران از شهریورماه ۹۹ نیز محسوب می‌شد.


",,"رکورد حقیقی‌ها در سبزترین روز <بورس> 1402
امروز سبزترین روز <بورس> 1402 رقم خورد و همزمان با آن سهامداران خرد با ثبت خالص خرید 2346 میلیارد تومانی ، دومین خرید پرمقدار از ریزش 99 را رقم زدند که بیش‌ترین ورود پول این دسته از معامله‌گران از شهریورماه 99 نیز محسوب می‌شد .",گروه هزار تحلیل
user164684213,361062,2023-04-15T20:30:44,1681578044,"زمزمه عرضه خودرو در بورس کالا بالا گرفت ظاهرا همه دستگاه هاموافقت کردند. چون خودرو سازها اعتراض کردن با این قیمت های اعلام شده نمی‌توانند تولید را افزایش دهند. احتمال زیاد موافقت با عرضه تولیداتشان در بورس کالا تا حداکثر40درصد تولیداتشان است.
",,زمزمه عرضه <خودرو> در <بورس> <کالا> بالا گرفت ظاهرا همه دستگاه هاموافقت کردند . چون <خودرو> سازها اعتراض کردن با این قیمت‌های اعلام‌شده‌نمی‌توانند تولید را افزایش دهند . احتمال زیاد موافقت با عرضه تولیداتشان در <بورس> <کالا> تا حداکثر40درصد تولیداتشان است .,گروه هزار تحلیل
user956857432,361071,2023-04-16T07:36:35,1681617995,"درود هموطن قبل از هر مطلبی یک احوال پرسی از دلال ها و مافیا انجام بدهیم برای همکاری با وزارت بی کفایت و دو شرکت خودرو ساز که با استفاده از تریبون دروغگویی به این شکل بازار خودرو و افکار ملت را مهندسی میکنن هموطن اخبار حاکی از آن هست که بازار خودرو با شوک مواجه شده و قیمت ها در این هفته میلیون ها بالا رفته قبل از هر گونه تولید خودرو و یا واگذاری این اگر اسمش دزدی و فساد در اقتصاد و دزدی از جیب مردم نیست پس چه چیزی هست وقتی حرف از اتحاد نخریدن هست منظور بازار امروزه که اینطور داره جولان میده بدست چه کسی کاملا مشخصه خود خودرو ساز و دلالها و مفسدان و وزارت خونه و غیره هموطن هوشیار باش هموطن متحد باش هموطن با تحریم نخریدن خودرو و انتشار این اتحاد پیروزی برای ملت است شاد و پیروز باشید
",,درود هموطن قبل از هر مطلبی یک احوال پرسی از دلال‌ها و مافیا انجام بدهیم برای همکاری با وزارت بی‌کفایت و دو شرکت <خودرو> ساز که با استفاده از تریبون دروغگویی به این شکل بازار <خودرو> و افکار <ملت> را مهندسی میکنن هموطن اخبار حاکی از آن هست که بازار <خودرو> با شوک مواجه‌شده‌و قیمت‌ها در این هفته میلیون‌ها بالا رفته قبل از هر گونه تولید <خودرو> و یا واگذاری این اگر اسمش دزدی و فساد در اقتصاد و دزدی از جیب مردم نیست پس چه چیزی هست وقتی حرف از اتحاد نخریدن هست منظور بازار امروزه که اینطور داره جولان میده بدست چه کسی کاملا مشخصه خود <خودرو> ساز و دلالها و مفسدان و وزارت خونه و غیره هموطن هوشیار باش هموطن متحد باش هموطن با تحریم نخریدن <خودرو> و انتشار این اتحاد پیروزی برای <ملت> است شاد و پیروز باشید,گروه هزار تحلیل
channel1247075296,361080,2023-04-16T11:21:19,1681631479,"برنامه افزایش سرمایه ۴۰۰ درصدی شرکت حمل و نقلی از محل مطالبات و آورده
شرکت مهندسی حمل و نقل پتروشیمی از برنامه افزایش سرمایه ۴۰۰ درصدی از محل مطالبات سهامداران و آورده نقدی خبر داد.
🔹به گزارش پایگاه خبری بورس پرس، شرکت مهندسی حمل و نقل پتروشیمی از برنامه افزایش سرمایه 400 درصدی از محل مطالبات سهامداران و آورده نقدی خبر داد.
🔹بر اساس این گزارش، ""حپترو"" در نظر دارد سرمایه فعلی را 20 به 100 میلیارد تومان برساند. تامین مالی این شرکت بورسی از محل مطالبات سهامداران و آورده نقدی به منظور اصلاح ساختار مالی و خرید تجهیزات اعمال خواهد شد.


",,"برنامه افزایش سرمایه 400 درصدی شرکت حمل و نقلی از محل مطالبات و آورده
شرکت مهندسی حمل‌ونقل پتروشیمی از برنامه افزایش سرمایه 400 درصدی از محل مطالبات سهامداران و آورده نقدی خبر داد .
 به گزارش پایگاه خبری <بورس> پرس ، شرکت مهندسی حمل‌ونقل پتروشیمی از برنامه افزایش سرمایه 400 درصدی از محل مطالبات سهامداران و آورده نقدی خبر داد .
 بر اساس این گزارش ، "" <حپترو> "" در نظر دارد سرمایه فعلی را 20 به 100 میلیارد تومان برساند . تامین مالی این شرکت بورسی از محل مطالبات سهامداران و آورده نقدی به منظور اصلاح ساختار مالی و خرید تجهیزات اعمال خواهد شد .",گروه هزار تحلیل
channel1247075296,361083,2023-04-16T16:13:08,1681648988,"وضعیت بازار در این لحظه
🔳
ارزش معاملات :
▫️ 124 هزار و 500 میلیارد ریال 
🔳
بیشترین حجم معاملات :
▫️ شستا      1،177    میلیون سهم 
▫️ خساپا     882        میلیون سهم  
▫️ خاور       859        میلیون سهم
▫️ دی         718        میلیون سهم
▫️ خودرو    706        میلیون سهم


",,"وضعیت بازار در این لحظه

ارزش معاملات :
 124 هزار و 500 میلیارد ریال 

بیشترین حجم معاملات :
 <شستا> 1 ، 177 میلیون سهم 
 <خساپا> 882 میلیون سهم 
 <خاور> 859 میلیون سهم
 دی 718 میلیون سهم
 <خودرو> 706 میلیون سهم",گروه هزار تحلیل
channel1247075296,361086,2023-04-16T17:09:11,1681652351,"نقشه بازار گروه خودرو و قطعات


",,نقشه بازار گروه <خودرو> و قطعات,گروه هزار تحلیل
channel1247075296,361088,2023-04-16T17:09:16,1681652356,"سید رضا فاطمی‌امین، وزیر صنعت، معدن و تجارت
▪️از امروز فرآیند تحویل خودرو آغاز و امیدواریم در هفته جاری تحویل خودرو آغاز شود
▪️از ۱۶ اردیبهشت ماه ثبت‌نام دور دوم خرید خودرو آغاز خواهد شد
▪️در نیمه دوم سال فروش اقساطی خودرو را خواهیم داشت


",,"سید رضا فاطمی‌امین ، وزیر صنعت ، معدن و تجارت
از امروز فرآیند تحویل <خودرو> آغاز و امیدواریم در هفته جاری تحویل <خودرو> آغاز شود
از 16 اردیبهشت ماه ثبت‌نام دور دوم خرید <خودرو> آغاز خواهد شد
در نیمه دوم سال فروش اقساطی <خودرو> را خواهیم داشت",گروه هزار تحلیل
channel1247075296,361092,2023-04-16T15:12:34,1681645354,"قیمت روز خودروهای سایپا ، ایران خودرو / 27 فروردین 1402



",,قیمت روز خودروهای سایپا ، ایران <خودرو> / 27 فروردین 1402,گروه هزار تحلیل
user66948699,361097,2023-04-16T16:45:21,1681650921,"سلام لطفا سهم دکوثر را تحلیل می فرمائید.
",,سلام لطفا سهم <دکوثر> را تحلیل می‌فرمائید .,گروه هزار تحلیل
user78697984,361102,2023-04-16T21:20:56,1681667456,"هر نماد بورسی را که می خواهیم بخریم باید قیمت واقعی دلاری ان صنعت را دربازار بین ملل مشخص کنیم سپس در نرخ روز ارز ضرب کنیم چنانچه نزدیک به قیمت بورسی سهم است می توان درباره اش برای خرید فکر کرد اما اگر قیمتش خیلی بالاتر ارزش واقعی است احتمال انکه قیمت سهم ریزش کند زیاد است زیرا سهم ارزش واقعی و منطقی ندارد و سهم با بورس بازی بالا رفته است 
ن ش
",,"هر نماد بورسی را که می‌خواهیم بخریم باید قیمت واقعی دلاری‌ان صنعت را دربازار بین ملل مشخص کنیم سپس در نرخ روز ارز ضرب کنیم چنانچه نزدیک به قیمت بورسی سهم است می‌توان درباره اش برای خرید فکر کرد اما اگر قیمتش خیلی بالاتر ارزش واقعی است احتمال انکه قیمت سهم ریزش کند زیاد است زیرا سهم ارزش واقعی و منطقی ندارد و سهم با <بورس> بازی بالا رفته است 
ن ش",گروه هزار تحلیل
user39888679,361106,2023-04-17T03:56:14,1681691174,"ثشاهد

",,<ثشاهد>,گروه هزار تحلیل
user949621278,361107,2023-04-17T05:44:32,1681697672,"ددام

",,<ددام>,گروه هزار تحلیل
user115241482,361108,2023-04-17T06:02:57,1681698777,"سلام دوستان 
🚚🚍
کسی وانت نیسان خواست برای جا به جایی بار و کالا، حمل و نقل جهیزیه و اثاثیه و اسباب کشی و اثاث منزل بار کلاف خام مبل و مبلمان رنگ شده همراه پتو و باربری  داخل شهر قم در خدمتم.
خارج شهرقم-تهران و... بالعکس 
یاعلی
09933645971

",,"سلام دوستان 

کسی وانت نیسان خواست برای جا به جایی بار و <کالا> ، حمل‌ونقل جهیزیه و اثاثیه و اسباب کشی و اثاث منزل بار کلاف خام مبل و مبلمان رنگ‌شده‌همراه پتو و باربری داخل شهر قم در خدمتم .
 خارج شهرقم - تهران و ... بالعکس 
یاعلی
09933645971",گروه هزار تحلیل
channel1247075296,361113,2023-04-17T08:32:46,1681707766,"ادعای خاندوزی درباره عرضه خودرو در بورس تکذیب شد/ تصمیم فقط با شورای رقابت
به گزارش بورس پرس
🔹اسماعیل شجاعی سخنگوی شورای رقابت درباره موضع دیروز احسان خاندوزی مبنی بر منتفی نبودن عرضه خودرو در بورس کالا به ایلنا، گفت: آقایان صرفا  اظهار نظر شخصی کرده اند که مشکلی نیست اما سیاست شورای رقابت، عرضه خودرو در بورس کالا نیست. 
🔹بنابراین عرضه خودرو در بورس کالا با اعلام نامه رسمی به بورس کالا ، متوقف شد که رویداد پنهانی هم نبود.


",,"ادعای خاندوزی درباره عرضه <خودرو> در <بورس> تکذیب شد / تصمیم فقط با شورای رقابت
به گزارش <بورس> پرس
اسماعیل شجاعی سخنگوی شورای رقابت درباره موضع دیروز احسان خاندوزی مبنی بر منتفی نبودن عرضه <خودرو> در <بورس> <کالا> به ایلنا ، گفت : آقایان صرفا  اظهار نظر شخصی کرده‌اند که مشکلی نیست اما سیاست شورای رقابت ، عرضه <خودرو> در <بورس> <کالا> نیست . 
 بنابراین عرضه <خودرو> در <بورس> <کالا> با اعلام نامه رسمی به <بورس> <کالا> ، متوقف شد که رویداد پنهانی هم نبود .",گروه هزار تحلیل
user94813446,361116,2023-04-17T08:57:24,1681709244,"پس تپکو چی؟؟؟؟
",,پس <تپکو> چی ؟؟؟؟,گروه هزار تحلیل
channel1247075296,361117,2023-04-17T09:11:37,1681710097,"تغییر‌_سهام_سهامداران_فعال
▪️افزایش سرمایه های ثبت شده تجارت الكترونيك  پارسيان امروز‌ قابل معامله شد.


",,"تغییر‌ _ سهام _ سهامداران _ فعال
افزایش سرمایه‌های ثبت‌شده‌تجارت الکترونیک  <پارسیان> امروز‌ قابل معامله شد .",گروه هزار تحلیل
user530267594,361125,2023-04-17T10:14:56,1681713896,"قشکر
؟؟؟
",,"<قشکر> 
؟؟؟",گروه هزار تحلیل
user164684213,361127,2023-04-17T10:36:27,1681715187,"برکت واچ
",,<برکت> واچ,گروه هزار تحلیل
channel1247075296,361130,2023-04-17T12:23:29,1681721609,"فرابورس ایران پیشنهادی برای افزایش دامنه نوسان بازار پایه ندارد
به گزارش مدیریت ارتباطات فرابورس ایران، فرابورس در حال حاضر پیشنهادی برای افزایش دامنه نوسان در تابلوهای زرد، نارنجی و قرمز بازار پایه نداشته و درخواست افزایش آن را از سازمان بورس ندارد.
در حال حاضر شرکت‌‌هایی که امکان پذیرش در بازارهای اصلی فرابورس را دارند، می‌توانند درخواست ورود به بازارهای اول و دوم را ارائه دهند و سپس از سوی هیات پذیرش بررسی می‌شوند که در نهایت از طریق عرضه اولیه، سهامشان وارد بازار خواهد شد./فرارسانه
",,"فرابورس ایران پیشنهادی برای افزایش دامنه نوسان بازار پایه ندارد
به گزارش مدیریت ارتباطات فرابورس ایران ، فرابورس در حال حاضر پیشنهادی برای افزایش دامنه نوسان در تابلوهای زرد ، نارنجی و قرمز بازار پایه نداشته و درخواست افزایش آن را از سازمان <بورس> ندارد .
 در حال حاضر شرکت‌‌هایی که امکان پذیرش در بازارهای اصلی فرابورس را دارند ، می‌توانند درخواست ورود به بازارهای اول و دوم را ارائه دهند و سپس از سوی هیات پذیرش بررسی می‌شوند که در نهایت از طریق عرضه اولیه ، سهامشان وارد بازار خواهد شد ./ فرارسانه",گروه هزار تحلیل
channel1247075296,361131,2023-04-17T16:18:05,1681735685,"وضعیت بازار در این لحظه
🔳
ارزش معاملات :
▫️ 74 هزار و 500 میلیارد ریال 
🔳
بیشترین حجم معاملات :
▫️ شستا      722       میلیون سهم 
▫️ کرمان      690        میلیون سهم  
▫️ دی         662        میلیون سهم
▫️ خساپا     595        میلیون سهم
▫️ وپارس    488        میلیون سهم


",,"وضعیت بازار در این لحظه

ارزش معاملات :
 74 هزار و 500 میلیارد ریال 

بیشترین حجم معاملات :
 <شستا> 722 میلیون سهم 
 کرمان 690 میلیون سهم 
 دی 662 میلیون سهم
 <خساپا> 595 میلیون سهم
 <وپارس> 488 میلیون سهم",گروه هزار تحلیل
channel1247075296,361132,2023-04-17T16:18:12,1681735692,"زیرمجموعه سایپا پیشنهاد افزایش سرمایه ۳۱۸ درصدی داد
از محل مطالبات و آورده نقدی:
زیرمجموعه سایپا از پیشنهاد هیات مدیره مبنی بر افزایش سرمایه ۳۱۸ درصدی از محل مطالبات سهامداران و آورده نقدی خبر داد.
🔹به گزارش پایگاه خبری بورس پرس، شرکت سایپا شیشه از برنامه افزایش سرمایه 318 درصدی از محل مطالبات سهامداران و آورده نقدی خبر داد.
🔹بر اساس این گزارش، ""کساپا"" در نظر دارد سرمایه فعلی را از 62.8 به 262.8 میلیارد تومان برساند. تامین مالی این شرکت بورسی از محل مطالبات سهامداران و آورده نقدی به منظور توسعه ماشین آلات و تجهیزات و طرح های مصوب اعمال خواهد شد.


",,"زیرمجموعه سایپا پیشنهاد افزایش سرمایه 318 درصدی داد
از محل مطالبات و آورده نقدی :
 زیرمجموعه سایپا از پیشنهاد هیات مدیره مبنی بر افزایش سرمایه 318 درصدی از محل مطالبات سهامداران و آورده نقدی خبر داد .
 به گزارش پایگاه خبری <بورس> پرس ، شرکت سایپا شیشه از برنامه افزایش سرمایه 318 درصدی از محل مطالبات سهامداران و آورده نقدی خبر داد .
 بر اساس این گزارش ، "" <کساپا> "" در نظر دارد سرمایه فعلی را از 62.8 به 262.8 میلیارد تومان برساند . تامین مالی این شرکت بورسی از محل مطالبات سهامداران و آورده نقدی به منظور توسعه ماشین آلات و تجهیزات و طرح‌های مصوب اعمال خواهد شد .",گروه هزار تحلیل
channel1247075296,361143,2023-04-17T16:18:53,1681735733,"▪️ رئیس قوه قضاییه: در نیمه دوم ۱۴۰۰ وزیر صمت خواستار اختیاراتی شد و وعده داد با افزایش تولید خودرو، قیمت‌ها کاهش یابد اما این اتفاق نیفتاد/ فروش خودرو در بورس باعث افزایش درآمد دستگاه‌های ذیربط شد اما قیمت چطور؟!


",,رئیس قوه قضاییه : در نیمه دوم 1400 وزیر صمت خواستار اختیاراتی شد و وعده داد با افزایش تولید <خودرو> ، قیمت‌ها کاهش یابد اما این اتفاق نیفتاد / فروش <خودرو> در <بورس> باعث افزایش درآمد دستگاه‌های ذیربط شد اما قیمت چطور ؟!,گروه هزار تحلیل
channel1247075296,361152,2023-04-18T08:58:37,1681795717,"واریز سودهای رسوبی به بیش از ۷.۲ همت رسید
شرکت سپرده‌گذاری مرکزی اوراق بهادار و تسویه وجوه اعلام کرد: از ابتدای سال ۱۴۰۱ تا ۲۸ فروردین ۱۴۰۲، ۷ هزار و ۲۸۰ میلیارد تومان سود سنواتی از سوی سمات به وسیله سامانه سجام پرداخت شد. | سنا


",,"واریز سودهای رسوبی به بیش از 7.2 همت رسید
شرکت سپرده‌گذاری مرکزی اوراق بهادار و تسویه وجوه اعلام کرد : از ابتدای سال 1401 تا 28 فروردین 1402 ، 7 هزار و 280 میلیارد تومان سود سنواتی از سوی سمات به‌وسیله سامانه سجام <پرداخت> شد . | سنا",گروه هزار تحلیل
channel1247075296,361155,2023-04-18T11:18:35,1681804115,"شرکت بازار پایه ای پیشنهاد افزایش سرمایه از محل سود انباشته داد
شرکت حاضر در بازار پایه از پیشنهاد هیات مدیره مبنی بر افزایش سرمایه ۲۸ درصدی از محل سود انباشته خبر داد.
🔹به گزارش پایگاه خبری بورس پرس، شرکت واسپاری تجار ایرانیان از برنامه افزایش سرمایه 28 درصدی از محل سود انباشته خبر داد.
🔹بر اساس این گزارش، ""ولتجار"" در صدد است سرمایه فعلی را از 180 به 230 میلیارد تومان برساند. تامین مالی این شرکت حاضر در تابلو زرد بازار پایه از محل سود انباشته اعمال خواهد شد تا صرف توسعه عملیات لیزینگ شود.


",,"شرکت بازار پایه‌ای پیشنهاد افزایش سرمایه از محل سود انباشته داد
شرکت حاضر در بازار پایه از پیشنهاد هیات مدیره مبنی بر افزایش سرمایه 28 درصدی از محل سود انباشته خبر داد .
 به گزارش پایگاه خبری <بورس> پرس ، شرکت واسپاری تجار ایرانیان از برنامه افزایش سرمایه 28 درصدی از محل سود انباشته خبر داد .
 بر اساس این گزارش ، "" ولتجار "" در صدد است سرمایه فعلی را از 180 به 230 میلیارد تومان برساند . تامین مالی این شرکت حاضر در تابلو زرد بازار پایه از محل سود انباشته اعمال خواهد شد تا صرف توسعه عملیات لیزینگ شود .",گروه هزار تحلیل
user164684213,361156,2023-04-18T10:19:41,1681800581,"برکت قابل بررسی مثبت ۱
",,<برکت> قابل بررسی مثبت 1,گروه هزار تحلیل
channel1247075296,361157,2023-04-18T11:18:38,1681804118,"وضعیت بازار در این لحظه
🔳
ارزش معاملات :
▫️ 76 هزار و 700 میلیارد ریال 
🔳
بیشترین حجم معاملات :
▫️ خودرو      1،118     میلیون سهم 
▫️ خساپا      852        میلیون سهم  
▫️ شستا      732        میلیون سهم
▫️ وبصادر    708        میلیون سهم
▫️ وبملت    625        میلیون سهم


",,"وضعیت بازار در این لحظه

ارزش معاملات :
 76 هزار و 700 میلیارد ریال 

بیشترین حجم معاملات :
 <خودرو> 1 ، 118 میلیون سهم 
 <خساپا> 852 میلیون سهم 
 <شستا> 732 میلیون سهم
 <وبصادر> 708 میلیون سهم
 <وبملت> 625 میلیون سهم",گروه هزار تحلیل
channel1247075296,361162,2023-04-18T11:19:05,1681804145,"طرح استیضاح وزیر اقتصاد در مجلس به دلیل کاهش امضاها منتفی شد
طرح استیضاح وزیر اقتصاد توسط برخی نمایندگان مجلس به دلیل کاهش تعداد امضاها به کمتر از ۱۰ نفر، منتفی شد.
🔹به گزارش پایگاه خبری بورس پرس، احمد نادری عضو هیات رییسه مجلس، گفت: طرح استیضاح احسان خاندوزی به دلیل کاهش تعداد امضاهای نمایندگان به کمتر از 10 نفر، منتفی شد.
🔹براساس این گزارش، حسینعلی حاجی‌دلیگانی دیگر عضو عیات رئیسه مجلس پیش از این گفته بود: در جلسه دیروز نمایندگان خواهان استیضاح با خاندوزی، اعلام دفاعیات قانع کننده نبود و مقرر شد اگر تا امروز سه شنبه تعداد متقاضیان هر یک از سه طرح استیضاح خاندوزی از حد نصاب کمتر نباشد، طرح استیضاح وی اعلام وصول شود.


",,"طرح استیضاح وزیر اقتصاد در مجلس به دلیل کاهش امضاها منتفی شد
طرح استیضاح وزیر اقتصاد توسط برخی نمایندگان مجلس به دلیل کاهش تعداد امضاها به کمتر از 10 نفر ، منتفی شد .
 به گزارش پایگاه خبری <بورس> پرس ، احمد نادری عضو هیات رییسه مجلس ، گفت : طرح استیضاح احسان خاندوزی به دلیل کاهش تعداد امضاهای نمایندگان به کمتر از 10 نفر ، منتفی شد .
 براساس این گزارش ، حسینعلی حاجی‌دلیگانی دیگر عضو عیات رئیسه مجلس پیش از این گفته‌بود : در جلسه دیروز نمایندگان خواهان استیضاح با خاندوزی ، اعلام دفاعیات قانع‌کننده نبود و مقرر شد اگر تا امروز سه شنبه تعداد متقاضیان هر یک از سه طرح استیضاح خاندوزی از حد نصاب کمتر نباشد ، طرح استیضاح وی اعلام وصول شود .",گروه هزار تحلیل
user173580999,361166,2023-04-18T11:08:46,1681803526,"تکنو
برا خرید زیر نظر داشته باشید
",,"<تکنو>
برا خرید زیر نظر داشته باشید",گروه هزار تحلیل
channel1247075296,361171,2023-04-18T12:49:22,1681809562,"سخنگوی دولت تغییر «وزیر صمت» را تکذیب کرد
بهادری جهرمی در نشست خبری هفتگی:
🔹بیشترین مورد بحث برانگیز در عملکرد وزارت صمت، حوزه خودرو است که یک بخش کوچکی از کل حوزه وزارت صمت است.
🔹وزارت صنعت، معدن و تجارت گستره بسیار زیادی از حوزه های فعالیت دارد که خودرو بخش کوچکی از آن محسوب می شود.
🔹نرخ رشد صنعت، تجارت و معدن در دور فاطمی‌امین رشد قابل توجهی داشته است.آمارهای عملکردی در حوزه های مختلف وزارت صمت، قابل قبول است.
🔹دولت قصد هیچ گونه تغییری در حوزه وزارت صمت ندارد.


",,"سخنگوی دولت تغییر « وزیر صمت » را تکذیب کرد
بهادری جهرمی در نشست خبری هفتگی :
 بیش‌ترین مورد بحث برانگیز در عمل‌کرد وزارت صمت ، حوزه <خودرو> است که یک بخش کوچکی از کل حوزه وزارت صمت است .
 وزارت صنعت ، معدن و تجارت گستره بسیار زیادی از حوزه‌های فعالیت دارد که <خودرو> بخش کوچکی از آن محسوب می‌شود .
 نرخ رشد صنعت ، تجارت و معدن در دور فاطمی‌امین رشد قابل‌توجهی داشته است . آمارهای عملکردی در حوزه‌های مختلف وزارت صمت ، قابل قبول است .
 دولت قصد هیچ‌گونه تغییری در حوزه وزارت صمت ندارد .",گروه هزار تحلیل
channel1247075296,361177,2023-04-18T21:31:37,1681840897,"ارزش معاملات خرد بورس تهران
",,ارزش معاملات خرد <بورس> تهران,گروه هزار تحلیل
channel1247075296,361179,2023-04-18T21:31:48,1681840908,"کلیات بازار، میزان تغییرات ارزش معاملات و شاخص صنایع بورس مورخ 1402/01/29
",,کلیات بازار ، میزان تغییرات ارزش معاملات و شاخص صنایع <بورس> مورخ 1402 / 01 / 29,گروه هزار تحلیل
channel1247075296,361180,2023-04-18T15:13:22,1681818202,"تسنیم مدعی شد: کاهش ۴۰ تا ۹۰ میلیونی قیمت خودرو در بازار
🔹بررسی امروز بازار خودرو نشان می‌دهد در خودروهای داخلی کاهش قیمت‌ها بین ۳۰ تا ۴۰ میلیون تومان و در خودروهای مونتاژی هم کاهش قیمت‌ها به ۹۰ میلیون تومان رسیده است.
🔹به عنوان نمونه پژو ۲۰۶ که هفته پیش با قیمت ۶۶۰ میلیون تومان معامله می شد امروز به قیمت ۶۱۵ میلیون تومان رسیده است. پژو پارس نیز از ۶۵۵ میلیون تومان به ۶۰۹ میلیون تومان رسیده است.
",,"تسنیم مدعی شد : کاهش 40 تا 90 میلیونی قیمت <خودرو> در بازار
بررسی امروز بازار <خودرو> نشان می‌دهد در خودروهای داخلی کاهش قیمت‌ها بین 30 تا 40 میلیون تومان و در خودروهای مونتاژی هم کاهش قیمت‌ها به 90 میلیون تومان رسیده است .
 به عنوان نمونه پژو 206 که هفته پیش با قیمت 660 میلیون تومان معامله می‌شد امروز به قیمت 615 میلیون تومان رسیده است . پژو <پارس> نیز از 655 میلیون تومان به 609 میلیون تومان رسیده است .",گروه هزار تحلیل
channel1247075296,361181,2023-04-18T16:12:46,1681821766,"🔴
نامه فوری وزیر اقتصاد به رئیس‌جمهور
🔹وزیر اقتصاد طی نامه‌ای به رئیس‌جمهور خواهان همکاری فوری دستگاه‌ها و وزارتخانه‌های مختلف برای تعیین فهرست کالاهای اساسی، دارو ، واکسن، تجهیزات پزشکی، شیرخشک، مواد اولیه ماشین آلات و تجهیزات تولیدی ، صنعتی معدنی و کشاورزی شد.
🔹براساس احکام قانون بودجه سال ۱۴۰۲ کالاهای اساسی، دارو و ... مشمول کاهش حقوق گمرکی از ۴ درصد به یک درصد و مالیات ارزش افزوده از ۹ درصد به ۱ درصد می‌شوند اما در حال حاضر فهرست این کالاها مشخص نشده و این مسئله ممکن است باعث بروز مشکل در رویه واردات شود.
",,"نامه فوری وزیر اقتصاد به رئیس‌جمهور
وزیر اقتصاد طی نامه‌ای به رئیس‌جمهور خواهان همکاری فوری دستگاه‌ها و وزارتخانه‌های مختلف برای تعیین فهرست کالاهای اساسی ، <دارو> ، واکسن ، تجهیزات پزشکی ، شیرخشک ، مواد اولیه ماشین آلات و تجهیزات تولیدی ، صنعتی معدنی و کشاورزی شد .
 براساس احکام قانون بودجه سال 1402 کالاهای اساسی ، <دارو> و ... مشمول کاهش حقوق گمرکی از 4 درصد به یک درصد و مالیات ارزش افزوده از 9 درصد به 1 درصد می‌شوند اما در حال حاضر فهرست این کالاها مشخص‌نشده‌و این مسئله ممکن است باعث بروز مشکل در رویه واردات شود .",گروه هزار تحلیل
channel1247075296,361183,2023-04-18T17:34:53,1681826693,"جزئیات واردات خودرو کارکرده اعلام شد
امید قالیباف، سخنگوی وزارت صمت:
هر شخص حقیقی می تواند وارد کننده خودرو باشد و سال تولید خودرو ها تا ۵ سال گذشته خواهد بود.
وزارت صمت لایحه دوفوریتی واردات خودروی کارکرده را جهت طی تشریفات قانونی به هیات دولت ارسال کرد که در صورت تصویب مراجع ذیربط، واردات خودروی دست دوم به کشور آزاد خواهد شد.
",,"جزئیات واردات <خودرو> کارکرده اعلام شد
<امید> قالیباف ، سخنگوی وزارت صمت :
 هر شخص حقیقی می‌تواند وارد‌کننده <خودرو> باشد و سال تولید خودرو‌ها تا 5 سال گذشته خواهد‌بود .
 وزارت صمت لایحه دوفوریتی واردات خودروی کارکرده را جهت طی تشریفات قانونی به هیات دولت ارسال کرد که در صورت تصویب مراجع ذیربط ، واردات خودروی دست دوم به کشور آزاد خواهد شد .",گروه هزار تحلیل
channel1247075296,361184,2023-04-18T16:04:23,1681821263,"بازار خودرو از سمت عرضه امسال به نقطه اشباع می‌رسد!
قالیباف، سخنگوی وزارت صمت:
🔸امسال قرار است طبق برنامه، تولید شرکت‌های خودروساز نزدیک به 2 میلیون خودرو باشد که این به خودی خود بازار را از سمت عرضه به نقطه اشباع خواهد رساند.
",,"بازار <خودرو> از سمت عرضه امسال به نقطه اشباع می‌رسد !
 قالیباف ، سخنگوی وزارت صمت :
 امسال قرار است طبق برنامه ، تولید شرکت‌های خودروساز نزدیک به 2 میلیون <خودرو> باشد که این به خودی خود بازار را از سمت عرضه به نقطه اشباع خواهد رساند .",گروه هزار تحلیل
user973888342,361191,2023-04-18T23:02:35,1681846355,"خدا لعنتشون کنه تاریخ تحویل خودرو(سورن دوگانه) واسه من اومده پاییز 1403 ، این و باید شافت کرد به این حروم زاده های زالو صفت .
",,خدا لعنتشون کنه تاریخ تحویل <خودرو> ( سورن دوگانه ) واسه من اومده پاییز 1403 ، این و باید شافت کرد به این حروم زاده‌های زالو صفت .,گروه هزار تحلیل
user69564333,361198,2023-04-19T07:13:05,1681875785,"سیل فروش حواله های خودرو هست که از امروز توی جامعه و کانالا و گروهها روانه میشه متاسفانه
واسه منم زده بهار ۱۴۰۳
کاش سهاممونو نمیفروختیم بریم ثبت نام کنیم
",,"سیل فروش حواله‌های <خودرو> هست که از امروز توی جامعه و کانالا و گروهها روانه میشه متاسفانه
واسه منم زده بهار 1403
کاش سهاممونو نمیفروختیم بریم ثبت نام کنیم",گروه هزار تحلیل
channel1247075296,361206,2023-04-19T18:11:37,1681915297,"زمان پرداخت سود سهام عدالت هم مانند شرکت ها به ۴ ماه کاهش یافت
رئیس سازمان بورس با اشاره به کاهش زمان واریز سود شرکت‌ها به چهار ماه، گفت: این تغییرات شامل همه سهامداران و پرداخت سود سهام عدالت را هم در بر می‌گیرد.
🔹به گزارش پایگاه خبری بورس پرس، مجید عشقی با اشاره به مصوبه جدید سازمان بورس مبنی بر کاهش زمان پرداخت سود نقدی شرکت‌ها به سهامداران به چهار ماه به صدا و سیما گفت: زمان بَر شدن پرداخت سود‌ها تا بازه زمانی حتی یکساله، موجب کاهش ارزشِ آن می‌شد که به ضرر سهامداران بود.
🔹وی افزود: با مشورت با ارکان سازمان و فعالان بازار سرمایه، مصوب شد اساسنامه شرکت‌های بورسی و فرابورسی تغییر کند. این تغییرات شامل همه سهامداران می‌شود و پرداخت سود سهام عدالت را هم در بر می‌گیرد.


",,"زمان <پرداخت> سود سهام عدالت هم مانند شرکت‌ها به 4 ماه کاهش یافت
رئیس سازمان <بورس> با اشاره به کاهش زمان واریز سود شرکت‌ها به چهار ماه ، گفت : این تغییرات شامل همه سهامداران و <پرداخت> سود سهام عدالت را هم در بر می‌گیرد .
 به گزارش پایگاه خبری <بورس> پرس ، مجید عشقی با اشاره به مصوبه جدید سازمان <بورس> مبنی بر کاهش زمان <پرداخت> سود نقدی شرکت‌ها به سهامداران به چهار ماه به صدا و سیما گفت : زمان بر شدن <پرداخت> سود‌ها تا بازه زمانی حتی یکساله ، موجب کاهش ارزش آن می‌شد که به ضرر سهامداران‌بود .
 وی افزود : با مشورت با ارکان سازمان و فعالان بازار سرمایه ، مصوب شد اساسنامه شرکت‌های بورسی و فرابورسی تغییر کند . این تغییرات شامل همه سهامداران می‌شود و <پرداخت> سود سهام عدالت را هم در بر می‌گیرد .",گروه هزار تحلیل
user173580999,361210,2023-04-19T10:35:01,1681887901,"بورس هم چند روز قبل گفتم بخرین
دو روزه صف خریده
",,"<بورس> هم چند روز قبل گفتم بخرین
دو روزه صف خریده",گروه هزار تحلیل
channel1247075296,361211,2023-04-19T10:45:55,1681888555,"وضعیت بازار در این لحظه
🔳
ارزش معاملات :
▫️ 72 هزار و 600 میلیارد ریال 
🔳
بیشترین حجم معاملات :
▫️ دی         2،210     میلیون سهم 
▫️ خساپا     653        میلیون سهم  
▫️ شستا     552        میلیون سهم
▫️ کوثر       501        میلیون سهم
▫️ وکار        429        میلیون سهم


",,"وضعیت بازار در این لحظه

ارزش معاملات :
 72 هزار و 600 میلیارد ریال 

بیشترین حجم معاملات :
 دی 2 ، 210 میلیون سهم 
 <خساپا> 653 میلیون سهم 
 <شستا> 552 میلیون سهم
 کوثر 501 میلیون سهم
 <وکار> 429 میلیون سهم",گروه هزار تحلیل
channel1247075296,361221,2023-04-19T12:45:02,1681895702,"برنامه دولت برای اخذ مالیات از معاملات مکرر مسکن
ارانیکو-سخنگوی دولت:
▫️دولت مصوب کرد تا کلیه مقرراتی که مرتبط با حوزه کسب و کار هستند در یک سامانه اطلاع‌رسانی ثبت شود. اگر مقررات در این سامانه ثبت نشود، لازم الاجرا نخواهد بود.
▫️همچنین لایحه‌ای به منظور کنترل افزایش قیمت و اجاره منازل مسکونی به تصویب رسید و این لایحه که در رابطه با اخذ مالیات از معاملات مکرر در حوزه مسکن است به مجلس ارسال خواهد شد.
▫️با اخذ مالیات از خانه‌های خالی و معاملات مکرر در حوزه مسکن امید است از افزایش بی‌رویه قیمت مسکن و اجاره‌ بها جلوگیری شود.
",,"برنامه دولت برای اخذ مالیات از معاملات مکرر مسکن
ارانیکو - سخنگوی دولت :
 دولت مصوب کرد تا کلیه مقرراتی که مرتبط با حوزه کسب و کار هستند در یک سامانه اطلاع‌رسانی ثبت شود . اگر مقررات در این سامانه ثبت نشود ، لازم الاجرا نخواهد‌بود .
 همچنین لایحه‌ای به منظور کنترل افزایش قیمت و اجاره منازل مسکونی به تصویب رسید و این لایحه که در رابطه با اخذ مالیات از معاملات مکرر در حوزه مسکن است به مجلس ارسال خواهد شد .
 با اخذ مالیات از خانه‌های خالی و معاملات مکرر در حوزه مسکن <امید> است از افزایش بی‌رویه قیمت مسکن و اجاره‌ بها جلوگیری شود .",گروه هزار تحلیل
channel1247075296,361223,2023-04-19T12:50:29,1681896029,"لایحه دوفوریتی واردات خودروهای کارکرده تصویب و آماده ارسال به مجلس شد
به گزارش پایگاه خبری بورس پرس، رضا فاطمی امین در حاشیه جلسه هیات دولت با اشاره به راه‌حل سریع بازار خودرو مبنی بر واردات خودروهای کارکرده ، گفت: 
🔹دولت لایحه دوفوریتی واردات خودروهای کارکرده را تصویب کرد و امید می رود مجلس نیز به‌ سرعت مصوب و اجرا کند.
🔹وی افزود: بازار خودرو دچار آشفتگی‌ ناشی از تقاضای بیش از عرضه است. تولید خودرو در سال گذشته و جاری به لحاظ روند مطلوبی داشته اما بازار خودرو متاسفانه نقش سرمایه‌ای پیدا کرده و تقاضای سوداگرانه ایجاد شده است.
🔹فاطمی امین ادامه داد: راه حل سریع، اولویت دادن به واردات است که با هماهنگی بانک مرکزی تا از بین رفتن شکاف عرضه و تقاضا ادامه خواهد یافت.


",,"لایحه دوفوریتی واردات خودروهای کارکرده تصویب و آماده ارسال به مجلس شد
به گزارش پایگاه خبری <بورس> پرس ، رضا فاطمی <امین> در حاشیه جلسه هیات دولت با اشاره به راه‌حل سریع بازار <خودرو> مبنی بر واردات خودروهای کارکرده ، گفت : 
 دولت لایحه دوفوریتی واردات خودروهای کارکرده را تصویب کرد و <امید> می‌رود مجلس نیز به‌ سرعت مصوب و اجرا کند .
 وی افزود : بازار <خودرو> دچار آشفتگی‌ ناشی از تقاضای بیش از عرضه است . تولید <خودرو> در سال گذشته و جاری به لحاظ روند مطلوبی داشته اما بازار <خودرو> متاسفانه نقش سرمایه‌ای پیدا کرده و تقاضای سوداگرانه ایجاد‌شده‌است .
 فاطمی <امین> ادامه داد : راه حل سریع ، اولویت دادن به واردات است که با هماهنگی بانک مرکزی تا از بین رفتن شکاف عرضه و تقاضا ادامه خواهد یافت .",گروه هزار تحلیل
user453967023,361234,2023-04-20T20:02:11,1682008331,"سلام
ساعت بورس از ۲/۱۶  میخاد تغییر کنه؟
",,"سلام
ساعت <بورس> از 2 / 16 میخاد تغییر کنه ؟",گروه هزار تحلیل
user6195229393,361235,2023-04-20T21:13:26,1682012606,"سلام. وقت بخیر. نظرتون در مورد چکارن؟ در منفی میشه خرید کرد؟
",,سلام . وقت بخیر . نظرتون در مورد <چکارن> ؟ در منفی میشه خرید کرد ؟,گروه هزار تحلیل
user164684213,361236,2023-04-20T21:21:00,1682013060,"بجاش چکاپا بگیر بررسی کن
",,بجاش <چکاپا> بگیر بررسی کن,گروه هزار تحلیل
user367978778,361239,2023-04-20T22:04:01,1682015641,"تحلیلی از شبندر بزارید
",,تحلیلی از <شبندر> بزارید,گروه هزار تحلیل
user299743843,361240,2023-04-20T22:05:39,1682015739,"شپدیس نظرتون چیه؟
",,<شپدیس> نظرتون چیه ؟,گروه هزار تحلیل
user164684213,361241,2023-04-20T22:30:36,1682017236,"دوشنبه اول وقت سهم نگیر بازار رو نگاه اگه صعودی بود خگستر رو هم بررسی کن
",,دوشنبه اول وقت سهم نگیر بازار رو نگاه اگه صعودی‌بود <خگستر> رو هم بررسی کن,گروه هزار تحلیل
user161839085,361242,2023-04-21T08:22:33,1682052753,"کساپا یا گدنا
",,<کساپا> یا گدنا,گروه هزار تحلیل
user107620713,361243,2023-04-21T09:55:51,1682058351,"فرآور

",,<فرآور>,گروه هزار تحلیل
user122377350,361246,2023-04-21T17:42:26,1682086346,"شبندر کسی تحلیل داره
",,<شبندر> کسی تحلیل داره,گروه هزار تحلیل
channel1247075296,361249,2023-04-21T21:58:36,1682101716,"کت تن کیه ؟!
توییت افشاگرایانه رییس اتاق بازرگانی ایران و چین درباره نقش دست های پشت پرده در وزارتخانه های دولتی
مجیدرضا حریری:
هیچ وزیر صمتی تا وزیر نشده نمیدونه که زورش به خودروسازها نمیرسه، هیچ وزیر اقتصادی هم زورش به بانکها نمیرسه، هیچ رییس بانک مرکزی هم زورش به گردانندگان بازار ارز، هیچ وزیر بهداشتی به اصلی های حوزه دارو و همه شون زورشون به فولادیها و پتروشیمیاییها!


",,"کت تن کیه ؟!
 توییت افشاگرایانه رییس اتاق بازرگانی ایران و چین درباره نقش دست‌های پشت پرده در وزارتخانه‌های دولتی
مجیدرضا حریری :
 هیچ وزیر صمتی تا وزیر‌نشده‌نمیدونه که زورش به خودروسازها نمیرسه ، هیچ وزیر اقتصادی هم زورش به بانکها نمیرسه ، هیچ رییس بانک مرکزی هم زورش به گردانندگان بازار ارز ، هیچ وزیر بهداشتی به اصلی‌های حوزه <دارو> و همه شون زورشون به فولادیها و پتروشیمیاییها !",گروه هزار تحلیل
user799325239,361254,2023-04-23T09:38:19,1682230099,"سلام وقت بخیر
یه سوال داشتم اگه امکانش بود  جواب بدین ممنون میشم. 
 تو خودروی ها سهمایی مثل خپارس، خزامیا و خساپا ارزش بازارشون  تقریبا بامیزان کل فروش اونها تو سال 1401 برابری میکنه. و با توجه به افزایش نرخ هایی که تو سال جدید میگیرن مبالغ فروش میتونه بیشتر هم بشه
آیا این نکته میتونه فاکتور مهمی باشه برای ارزشمند دانستن این سهما
",,"سلام وقت بخیر
یه سوال داشتم اگه امکانش‌بود جواب بدین ممنون میشم . 
 تو خودروی‌ها سهمایی مثل <خپارس> ، <خزامیا> و <خساپا> ارزش بازارشون تقریبا بامیزان کل فروش اونها تو سال 1401 برابری میکنه . و با توجه به افزایش نرخ‌هایی که تو سال جدید میگیرن مبالغ فروش میتونه بیشتر هم بشه
آیا این نکته میتونه فاکتور مهمی باشه برای ارزشمند دانستن این سهما",گروه هزار تحلیل
user216841847,361256,2023-04-23T12:30:20,1682240420,"پس از ریزش های سال 99 بازار بورس ایران و سیل افرادی که در این بازار متضرر شدند مردم به این نتیجه رسیدند که آموزش بورس و مفاهیم بنیادی بورس همیشه برای سرمایه‌گذاران بورس لازم است
 یکی از نسبت‌های مهم در فهرست آموزش های تحلیل بنیادی نسبت P/S است. برای سرمایه‌گذاران در بازار سهام، تعیین اینکه سهام بالاتر و یا کم تر از ارزش ذاتی خود قیمت‌گذاری شده است، از اهمیت بالایی برخوردار است. ارزش ذاتی براساس محاسبات یا درک ارزش شرکت است، به طوری که با درنظر گرفتن تمام فاکتورها و تحلیل فاندامنتال انجام می شود. ارزش ذاتی ممکن است بالاتر و یا به طور کلی متفاوت تر از ارزش فعلی سهام یا قیمت بازار باشد.
",,"پس از ریزش‌های سال 99 بازار <بورس> ایران و سیل افرادی که در این بازار متضرر شدند مردم به این نتیجه رسیدند که آموزش <بورس> و مفاهیم بنیادی <بورس> همیشه برای سرمایه‌گذاران <بورس> لازم است
 یکی از نسبت‌های مهم در فهرست آموزش‌های تحلیل بنیادی نسبت P / S است . برای سرمایه‌گذاران در بازار سهام ، تعیین اینکه سهام بالاتر و یا کم تر از ارزش ذاتی خود قیمت‌گذاری‌شده‌است ، از اهمیت بالایی برخوردار است . ارزش ذاتی براساس محاسبات یا درک ارزش شرکت است ، به طوری که با درنظر گرفتن تمام فاکتورها و تحلیل فاندامنتال انجام می‌شود . ارزش ذاتی ممکن است بالاتر و یا به‌طور کلی متفاوت تر از ارزش فعلی سهام یا قیمت بازار باشد .",گروه هزار تحلیل
user216841847,361257,2023-04-23T12:31:07,1682240467,"نسبت P/S از دو واژه Price به معنای قیمت و Sale به معنای فروش تشکیل شده است؛ پس در واقع نسبت P/S نشان دهنده نسبت قیمت هر سهم به فروش هر سهم می‌باشد.
اعتقادی در بازار بورس وجود دارد که بر اساس آن، رشد فروش ثابت و قوی، محرک قوی و خوبی برای رشد شرکت است؛ بدین معنی که رشد شرکت، ابتدا باید از رشد فروش آغاز شود.
در شرکت ‌هایی که زیان و یا جریان نقدی منفی دارند و یا در شرکت‌های رشد یافته سیکلی و با سود نزدیک به صفر، این نسبت می‌تواند اطلاعات بیشتری برای داشتن برآورد صحیح نسبت به شرکت، به ما بدهد.
با توجه به امکان دست‌کاری کمتر فروش نسبت به سود و همچنین پایداری بیشتر فروش نسبت به سود و جریان نقدی، محاسبه این نسبت می‌تواند دقت تحلیل و ارزیابی شرکت مورد نظر را بسیار افزایش دهد.
",,"نسبت P / S از دو واژه Price به معنای قیمت و Sale به معنای فروش تشکیل‌شده‌است ؛ پس در واقع نسبت P / S نشان‌دهنده نسبت قیمت هر سهم به فروش هر سهم می‌باشد .
 اعتقادی در بازار <بورس> وجود دارد که بر اساس آن ، رشد فروش ثابت و قوی ، محرک قوی و خوبی برای رشد شرکت است ؛ بدین معنی که رشد شرکت ، ابتدا باید از رشد فروش آغاز شود .
 در شرکت ‌هایی که زیان و یا جریان نقدی منفی دارند و یا در شرکت‌های رشد یافته سیکلی و با سود نزدیک به صفر ، این نسبت می‌تواند اطلاعات بیشتری برای داشتن برآورد صحیح نسبت به شرکت ، به ما بدهد .
 با توجه به امکان دست‌کاری کمتر فروش نسبت به سود و همچنین پایداری بیشتر فروش نسبت به سود و جریان نقدی ، محاسبه این نسبت می‌تواند دقت تحلیل و ارزیابی شرکت مورد نظر را بسیار افزایش دهد .",گروه هزار تحلیل
user6195229393,361261,2023-04-23T21:30:17,1682272817,"سلام. وقت بخیر. میدکو را برای خرید فردا چطور میبینید؟ ممنون
",,سلام . وقت بخیر . <میدکو> را برای خرید فردا چطور میبینید ؟ ممنون,گروه هزار تحلیل
user956857432,361263,2023-04-24T00:16:17,1682282777,"درود به همه هموطن اتحاد شما در برابر خودرو سازیها و نه به خرید خودرو بی کیفیت باعث شده که باز هم وزارت بی کفایت صنعت که کاری جز نابودی صنایع کشور نداره تکرار بشه این را بدانید دزدی از پول های مردم زحمت کش کشور به مزاج این مفسدان خوش آمده و هنوز به دنبال نابودی سرمایه و عمر گرانبهای ملت هستند هموطن متحد باش و مطالبات را تنها به خود محدود نکن با اتحاد و نخریدن خودرو باعث میشوید فریاد انسانهای ناتوان هم شنیده شود پاینده و پیروز باشید
",,درود به همه هموطن اتحاد شما در برابر <خودرو> سازیها و نه به خرید <خودرو> بی‌کیفیت باعث‌شده‌که باز هم وزارت بی‌کفایت صنعت که کاری جز نابودی صنایع کشور نداره تکرار بشه این را بدانید دزدی از پول‌های مردم زحمت کش کشور به مزاج این مفسدان خوش آمده و هنوز به دنبال نابودی سرمایه و عمر گرانبهای <ملت> هستند هموطن متحد باش و مطالبات را تنها به خود محدود نکن با اتحاد و نخریدن <خودرو> باعث میشوید فریاد انسانهای ناتوان هم شنیده شود پاینده و پیروز باشید,گروه هزار تحلیل
channel1247075296,361278,2023-04-24T11:47:01,1682324221,"وضعیت بازار در این لحظه
🔳
ارزش معاملات :
▫️ 94 هزار و 700 میلیارد ریال 
🔳
بیشترین حجم معاملات :
▫️ دی        886        میلیون سهم 
▫️ کوثر       585        میلیون سهم  
▫️ خساپا    671        میلیون سهم
▫️ شستا    663        میلیون سهم
▫️ خودرو   521        میلیون سهم


",,"وضعیت بازار در این لحظه

ارزش معاملات :
 94 هزار و 700 میلیارد ریال 

بیشترین حجم معاملات :
 دی 886 میلیون سهم 
 کوثر 585 میلیون سهم 
 <خساپا> 671 میلیون سهم
 <شستا> 663 میلیون سهم
 <خودرو> 521 میلیون سهم",گروه هزار تحلیل
channel1247075296,361279,2023-04-24T11:47:06,1682324226,"رشد ۴۱ درصدی محصولات سایپا در فروردین با تولید ۲۹.۳ هزار خودرو
معاون برنامه‌ریزی جامع تولید سایپا گفت: 
🔹طی ماه گذشته ۲۹.۳ هزار دستگاه در سایپا تولید شد که در مقایسه با مدت مشابه سال قبل ۴۱ درصد بیشتر است.
🔹به گزارش پایگاه خبری بورس پرس، مسعود پروین با بیان اینکه فروردین ماه ۲۹.۳ هزار دستگاه خودرو تولید شد که در مقایسه با مدت مشابه سال قبل رشد ۴۱ درصدی داشت، گفت: در اولین ماه سال جاری حدود ۳۰ هزار دستگاه و بطور میانگین براساس روزهای کاری، روزانه ۲۴۵۰ هزار خودرو تولید شد.
🔹وی افزود: ۹۶ درصد برنامه تولید فروردین ماه محقق شده و برای ماه های آینده هم در دستور کار قرار دارد. افزایش تولید در سال جاری بر اساس برنامه ریزی های انجام شده محقق خواهد شد.


",,"رشد 41 درصدی محصولات سایپا در فروردین با تولید 29.3 هزار <خودرو>
معاون برنامه‌ریزی جامع تولید سایپا گفت : 
 طی ماه گذشته 29.3 هزار دستگاه در سایپا تولید شد که در مقایسه با مدت مشابه سال قبل 41 درصد بیشتر است .
 به گزارش پایگاه خبری <بورس> پرس ، مسعود پروین با بیان اینکه فروردین ماه 29.3 هزار دستگاه <خودرو> تولید شد که در مقایسه با مدت مشابه سال قبل رشد 41 درصدی داشت ، گفت : در اولین ماه سال جاری حدود 30 هزار دستگاه و بطور میانگین براساس روزهای کاری ، روزانه 2450 هزار <خودرو> تولید شد .
 وی افزود : 96 درصد برنامه تولید فروردین ماه محقق‌شده‌و برای ماه‌های آینده هم در دستور کار قرار دارد . افزایش تولید در سال جاری بر اساس برنامه ریزی‌های انجام‌شده‌محقق خواهد شد .",گروه هزار تحلیل
channel1247075296,361280,2023-04-24T11:47:15,1682324235,"حجم مبنا ۲۷ نماد فرابورسی از سه شنبه حذف می شود
حجم مبنای سهام ۲۷ شرکت حاضر در بازارهای اول و دوم و پایه فرابورس از فردا حذف و حجم مبنای سه نماد دیگر اعمال می شود.
▪️به گزارش پایگاه خبری بورس پرس، در راستای اجرای ضوابط ماده 22 دستورالعمل فعالیت بازارگردانی در بورس تهران و فرابورس و طبق بررسی از پنج تا 30 اسفند،  حجم مبنا برای 18 نماد معاملاتی دارای بازارگردان در بازارهای اول و دوم فرابورس به شرح جدول زیر از سه شنبه 5 اردیبهشت اعمال نخواهد شد.
▪️براساس این گزارش، حجم مبنا نمادهای ""آ س پ ، توسن، فرابورس"" اعمال خواهد شد.
▪️همچنین حجم مبنا برای 9 نماد معاملاتی حاضر در بازار پایه فرابورس از سه شنبه 5 اردیبهشت اعمال نخواهد شد.


",,"حجم مبنا 27 نماد فرابورسی از سه شنبه حذف می‌شود
حجم مبنای سهام 27 شرکت حاضر در بازارهای اول و دوم و پایه فرابورس از فردا حذف و حجم مبنای سه نماد دیگر اعمال می‌شود .
 به گزارش پایگاه خبری <بورس> پرس ، در راستای اجرای ضوابط ماده 22 دستورالعمل فعالیت بازارگردانی در <بورس> تهران و فرابورس و طبق بررسی از پنج تا 30 اسفند ، حجم مبنا برای 18 نماد معاملاتی دارای بازارگردان در بازارهای اول و دوم فرابورس به شرح جدول زیر از سه شنبه 5 اردیبهشت اعمال نخواهد شد .
 براساس این گزارش ، حجم مبنا نمادهای "" آ س پ ، توسن ، فرابورس "" اعمال خواهد شد .
 همچنین حجم مبنا برای 9 نماد معاملاتی حاضر در بازار پایه فرابورس از سه شنبه 5 اردیبهشت اعمال نخواهد شد .",گروه هزار تحلیل
user54013653,361284,2023-04-24T12:08:58,1682325538,"تا بازار بورس دوطرفه نشود ریسک بالایی خواهد داشت و کاملا در اختیار مافیا بورس خواهد بود که هر زمان بخواهند بالا میبرند و سپس به مردم تازه وارد می اندازند 
هر زمان بورس دوطرفه شد یعنی تعادل و بهینه شدن .
و کسی نمی تواند دستکاری کند 
هر زمان بورس دوطرفه شد پولها را از بازارهای دیگر به بورس می آوریم 
چون در هر حالتی میتوان سود کرد 
اما وقتی بورس یکطرفه باشد ممکن است قیمتها را بالا ببرند و به ما بیندازند و تا مدتها سرمایه قفل میشود 
مواظب باشید ...
",,"تا بازار <بورس> دوطرفه نشود ریسک بالایی خواهد داشت و کاملا در اختیار مافیا <بورس> خواهد‌بود که هر زمان بخواهند بالا میبرند و سپس به مردم تازه وارد می‌اندازند 
هر زمان <بورس> دوطرفه شد یعنی تعادل و بهینه شدن .
 و کسی نمی‌تواند دستکاری کند 
هر زمان <بورس> دوطرفه شد پولها را از بازارهای دیگر به <بورس> می‌آوریم 
چون در هر حالتی می‌توان سود کرد 
اما وقتی <بورس> یکطرفه باشد ممکن است قیمتها را بالا ببرند و به ما بیندازند و تا مدتها سرمایه قفل می‌شود 
مواظب باشید ...",گروه هزار تحلیل
user84698370,361285,2023-04-24T12:16:01,1682325961,"🔻مخالفت نمایندگان مجلس با استیضاح فاطمی امین
🔹استیضاح وزیر صمت مشکل صنعت خودرو را حل نمی‌کند/ عملکرد فاطمی امین مثبت بوده است.
دولت_مردم

",,"مخالفت نمایندگان مجلس با استیضاح فاطمی <امین>
استیضاح وزیر صمت مشکل صنعت <خودرو> را حل نمی‌کند / عمل‌کرد فاطمی <امین> مثبت بوده است .
 دولت _ مردم",گروه هزار تحلیل
user367978778,361288,2023-04-24T12:49:57,1682327997,"شبندر رو تحلیل کنید
",,<شبندر> رو تحلیل کنید,گروه هزار تحلیل
user956857432,361289,2023-04-24T13:11:15,1682329275,"درود بهتر نبود وزارت و مجلس اول عملکرد مثبت را نشان بدهید بعد تصمیم بگیرید شما که خوب بلد هستید سر ملت کلاه بذارید نگوید خجالتی هستید که ابدا کار پسندیده ای نیست انجام بدهید ما ملت همیشه در صحنه محافظت میکنیم از شما
",,درود بهتر نبود وزارت و مجلس اول عمل‌کرد مثبت را نشان بدهید بعد تصمیم بگیرید شما که خوب بلد هستید سر <ملت> کلاه بذارید نگوید خجالتی هستید که ابدا کار پسندیده‌ای نیست انجام بدهید ما <ملت> همیشه در صحنه محافظت می‌کنیم از شما,گروه هزار تحلیل
user69564333,361295,2023-04-24T20:15:28,1682354728,"شاخص_کل_بورس
بعد از اصلاح شدیدی که شاخص کل بورس ایران از سال 1399 استارت زد بالاخره در همین اوایل سال 1402 ( بعد از حدود سه سال )  توانست که سقف تاریخی خودش یعنی مقاومت مهم 2.000.000 واحد را بریک کند  ❤️✅  
با وجود افزایش قیمت ها در بازارهای : خودرو - طلا - دلار و ...‌ به احتمال زیاد بیشترین بازدهی در سال های آینده از آن بورس خواهد بود ❤️🙏
شاخص کل بورس در وهله ی اول پتانسیل صعود تا محدوده ی 3.000.000 واحد را دارد ❤️❇️
قیمت فعلی : 2.300.000
",,"شاخص _ کل _ <بورس>
بعد از اصلاح شدیدی که شاخص کل <بورس> ایران از سال 1399 استارت زد بالاخره در همین اوایل سال 1402 ( بعد از حدود سه سال )  توانست که سقف تاریخی خودش یعنی مقاومت مهم 2.000.000 واحد را بریک کند    
با وجود افزایش قیمت‌ها در بازارهای : <خودرو> - طلا - دلار و ... ‌ به احتمال زیاد بیش‌ترین بازدهی در سال‌های آینده از آن <بورس> خواهد‌بود 
شاخص کل <بورس> در وهله ی اول پتانسیل صعود تا محدوده ی 3.000.000 واحد را دارد 
قیمت فعلی : 2.300.000",گروه هزار تحلیل
channel1247075296,361299,2023-04-25T08:51:45,1682400105,"قیمت شکر تنظیم بازار و قند شکسته بسته بندی: ۲۱ و ۳۴ هزار تومان
فهرست قیمت‌های بروز قند و شکر براساس نرخ اتحادیه و بازار آزاد اعلام شد. 
▪️به گزارش پایگاه خبری بورس پرس و بر اساس این گزارش، هر کیلو شکر فله یا تنظیم بازار 21 هزار تومان و قند شکسته در بسته بندی 900 گرمی، 34 هزار تومان در بازار به فروش می رسد.


",,"قیمت شکر تنظیم بازار و قند شکسته بسته‌بندی : 21 و 34 هزار تومان
فهرست قیمت‌های بروز قند و شکر براساس نرخ اتحادیه و بازار آزاد اعلام شد . 
 به گزارش پایگاه خبری <بورس> پرس و بر اساس این گزارش ، هر کیلو شکر فله یا تنظیم بازار 21 هزار تومان و قند شکسته در بسته‌بندی 900 گرمی ، 34 هزار تومان در بازار به فروش می‌رسد .",گروه هزار تحلیل
channel1247075296,361306,2023-04-25T10:16:37,1682405197,"شرکت بورسی چهار قرارداد برای تولید و فروش بطری شیشه ای بست
به ارزش ۲۶۰.۲ میلیارد تومان
شرکت بورسی شیشه و گاز، چهار قرارداد بابت تولید و فروش بطری شیشه ای و به ارزش ۲۶۰.۲ میلیارد تومان منعقد کرد.
🔹به گزارش پایگاه خبری بورس پرس، شرکت شیشه و گاز از انعقاد چهار قرارداد بابت تولید و فروش بطری شیشه ای تا پایان سال به ارزش 260.2 میلیارد تومان خبر داد و با توقف نماد، آماده بازگشایی برای فردا شد.
🔹بر اساس این گزارش، حسین تورنگ مدیرعامل ""کگاز"" اعلام کرد: این شرکت برای تولید و فروش بطری شیشه ای، چهار فقره قرارداد از 4 اردیبهشت تا پایان سال جاری به مبلغ 260.2 میلیارد تومان معادل 41 درصد کل فروش سال مالی منتهی به اسفند 1401 منعقد کرد.


",,"شرکت بورسی چهار قرارداد برای تولید و فروش بطری شیشه‌ای بست
به ارزش 260.2 میلیارد تومان
شرکت بورسی شیشه و گاز ، چهار قرارداد بابت تولید و فروش بطری شیشه‌ای و به ارزش 260.2 میلیارد تومان منعقد کرد .
 به گزارش پایگاه خبری <بورس> پرس ، شرکت شیشه و گاز از انعقاد چهار قرارداد بابت تولید و فروش بطری شیشه‌ای تا پایان سال به ارزش 260.2 میلیارد تومان خبر داد و با توقف نماد ، آماده بازگشایی برای فردا شد .
 بر اساس این گزارش ، حسین تورنگ مدیرعامل "" <کگاز> "" اعلام کرد : این شرکت برای تولید و فروش بطری شیشه‌ای ، چهار فقره قرارداد از 4 اردیبهشت تا پایان سال جاری به مبلغ 260.2 میلیارد تومان معادل 41 درصد کل فروش سال مالی منتهی به اسفند 1401 منعقد کرد .",گروه هزار تحلیل
channel1247075296,361311,2023-04-25T10:50:00,1682407200,"نقشه بازار گروه خودرو و قطعات


",,نقشه بازار گروه <خودرو> و قطعات,گروه هزار تحلیل
user1012889741,751441,2023-05-13T00:35:18,1683925518,"✨
اتاق های ۳گانه مارکت انس
(یک طرفه)
توتال مارکت و توتال پلاس
(بروکری )✨
5⃣سال سابقه فعالیت درخشان
💥
کمترین
کمیسیون (۲هزارتومن& ۵ سنت)  اسپرد (۱۰&۱۲سنت) 
💵امکان
برداشت وجه با فاکتورباز
درتوتال پلاس
📣دارای
بونوس

های

حمایتی
برای متضررین(هر۳اتاق) و دارای اتاق دمو همراه با جوایز🎁
💥۲۰تا ۳۰ درصد
شارژ بیشتر
به صورت بونوس در اولین واریز مارکت انس 
🔥امکان ثبت نام
بدون احراز هویت
درصورت واریز و برداشت تتری
💥 دربرگیرنده تمام سلایق مارجین
به دلار و ریال
‼️جهت اطلاعات بیشتر ومطالعه جزئیات  ربات ثبت نام را استارت بزنید. 👇👇
",,"اتاق‌های 3گانه مارکت انس 
( یک‌طرفه )
 توتال مارکت و توتال پلاس 
( بروکری ) 
5سال سابقه فعالیت درخشان

کمترین
کمیسیون ( 2هزارتومن & 5 سنت ) اسپرد ( 10 & 12سنت ) 
 امکان
برداشت وجه با فاکتورباز
درتوتال پلاس
دارای
بونوس
های
حمایتی
برای متضررین ( هر3اتاق ) و دارای اتاق دمو <همراه> با جوایز
20تا 30 درصد
شارژ بیشتر
به صورت بونوس در اولین واریز مارکت انس 
امکان ثبت نام
بدون احراز هویت
درصورت واریز و برداشت تتری
 دربرگیرنده تمام سلایق مارجین
به دلار و ریال
جهت اطلاعات بیشتر ومطالعه جزئیات ربات ثبت نام را استارت بزنید .",گروه بازار
user170865604,751447,2023-05-13T10:00:13,1683959413,"نیمه دوم بازار یرمیگرده مفت فروشی نگنید سهام بنیادی را نگه دارید ترس بازار امروز میریزه خیلی از صف ها ی فروش جمع شد مثل فلامی حتاید پولسوزی نکنید
",,نیمه دوم بازار یرمیگرده مفت فروشی نگنید سهام بنیادی را نگه دارید ترس بازار امروز میریزه خیلی از صف‌ها ی فروش جمع شد مثل <فلامی> <حتاید> پولسوزی نکنید,گروه بازار
user170865604,751458,2023-05-13T11:55:50,1683966350,"کترام صف فروشش جمع شد
",,<کترام> صف فروشش جمع شد,گروه بازار
user296014733,751462,2023-05-13T13:18:58,1683971338,"فقط شیشه ای ها میرن سمت بورس ایران
",,فقط شیشه‌ای ها میرن سمت <بورس> ایران,گروه بازار
user296014733,751467,2023-05-13T14:38:43,1683976123,"خدا شفا بده
",,خدا <شفا> بده,گروه بازار
user170865604,751476,2023-05-13T20:47:21,1683998241,"فوری؛
🔺دو مصوبه مهم سازمان بورس برای حمایت از بازار سرمایه
🔹دقایقی پیش هیئت مدیره سازمان بورس و اوراق بهادار دو مصوبه مهم برای حمایت از بازار سرمایه را تصویب کرد.
۱. واریز ۵۰۰ میلیارد تومان به حساب صندوق تثبیت بازار سرمایه برای خرید سهام
۲. افزایش زمان اصلاح پرتفوی صندوق‌های درآمد ثابت از سه ماه به پنج ماه: طبق این مصوبه ""صندوق‌های سرمایه‌گذاری با درآمد ثابت"" به جای سه ماه، پنج ماه مهلت دارند که میزان سهام موجود در پرتفوی خود را از ۱۵ به ۱۰ درصد برسانند. منبع بتا سهم
",,"فوری ؛
 دو مصوبه مهم سازمان <بورس> برای حمایت از بازار سرمایه
دقایقی پیش هیئت مدیره سازمان <بورس> و اوراق بهادار دو مصوبه مهم برای حمایت از بازار سرمایه را تصویب کرد .
 1 . واریز 500 میلیارد تومان به حساب صندوق تثبیت بازار سرمایه برای خرید سهام
2 . افزایش زمان اصلاح پرتفوی صندوق‌های درآمد ثابت از سه ماه به پنج ماه : طبق این مصوبه "" صندوق‌های سرمایه‌گذاری با درآمد ثابت "" به جای سه ماه ، پنج ماه مهلت دارند که میزان سهام موجود در پرتفوی خود را از 15 به 10 درصد برسانند . منبع بتا سهم",گروه بازار
user170865604,751480,2023-05-14T00:22:50,1684011170,"دستور حمایت وزیر اقتصاد از بازار سرمایه از جده صادر شد
🔹در حالیکه خاندوزی در عربستان به سر می برد، دستور داده تا با حضور نماینده اش، جلسه ای فوری برای بررسی راهکار های حمایت از بورس برگزار شود. 
🔹در همین راستا عصر امروز جلسه ای با حضور نماینده وزیر اقتصاد، رئیس سازمان بورس و جمعی از حقوقی ها در محل وزارت اقتصاد برگزار شده.
باید دید این جلسات فردا نتایج خود را روی تابلو بورس اوراق بهادار نشان می‌دهد؟ / بهنام صمدی
",,"دستور حمایت وزیر اقتصاد از بازار سرمایه از جده صادر شد
در حالیکه خاندوزی در عربستان به سر می‌برد ، دستور داده تا با حضور نماینده اش ، جلسه‌ای فوری برای بررسی راهکار‌های حمایت از <بورس> برگزار شود . 
 در همین راستا عصر امروز جلسه‌ای با حضور نماینده وزیر اقتصاد ، رئیس سازمان <بورس> و جمعی از حقوقی‌ها در محل وزارت اقتصاد برگزار‌شده‌.
 باید دید این جلسات فردا نتایج خود را روی تابلو <بورس> اوراق بهادار نشان می‌دهد ؟ / بهنام صمدی",گروه بازار
user170865604,751493,2023-05-14T10:40:05,1684048205,"فلامی سهم انحصاری در تولید ژیلت و تیغ با سود دهی عالی و پی برای مطلوب
",,<فلامی> سهم انحصاری در تولید ژیلت و تیغ با سود دهی عالی و پی برای مطلوب,گروه بازار
user395390942,751505,2023-05-14T14:49:05,1684063145,"🔴 وزارت صمت: اطلاعات همۀ خریداران خودرو از سامانۀ یکپارچه برای طرح مالیات بر عایدی سرمایه در اختیار نهادهای ذیربط قرار می‌گیرد./
",,وزارت صمت : اطلاعات همه خریداران <خودرو> از سامانه یکپارچه برای طرح مالیات بر عایدی سرمایه در اختیار نهادهای ذیربط قرار می‌گیرد ./,گروه بازار
user117414063,71138,2023-05-14T08:59:38,1684042178,"منم تازه چند روز وارد شستا شدم منتظرم پایینتر بیاد پله دوم رو هم بخرم. الان منفی کم هستم.
",,منم تازه چند روز وارد <شستا> شدم منتظرم پایینتر بیاد پله دوم رو هم بخرم . الان منفی کم هستم .,بورسگرام | Boursegram
user732850104,71151,2023-05-14T09:23:01,1684043581,"یه نوسان‌گیری عالی از سهمهایی که گفته بودم
خگستر، خمحرکه، ختور
هیچ جایی مثله بورس ایران سود نمیده.فقط بدونی کجا وارد بشی کجا خارج بشی💪💪💪💪
",,"یه نوسان‌گیری عالی از سهمهایی که گفته بودم
<خگستر> ، <خمحرکه> ، <ختور>
هیچ جایی مثله <بورس> ایران سود نمیده . فقط بدونی کجا وارد بشی کجا خارج بشی",بورسگرام | Boursegram
user106533999,71156,2023-05-14T09:20:46,1684043446,"خبری شد دوباره دارن خساپا رو صف فروش میکنن؟
",,خبری شد دوباره دارن <خساپا> رو صف فروش میکنن ؟,بورسگرام | Boursegram
user5632416119,71157,2023-05-14T09:21:19,1684043479,"چرا من اسمتو نمیفهمم
ولی خیلی با حالی 🤚🏻🤚🏻🤚🏻☺️
",71151,"چرا من اسمتو نمیفهمم
ولی خیلی با حالی",بورسگرام | Boursegram
user732850104,71159,2023-05-14T09:22:41,1684043561,"🙏🙏🙏
",71157,,بورسگرام | Boursegram
user732850104,71160,2023-05-14T09:23:05,1684043585,"بازیشونه
",71156,بازیشونه,بورسگرام | Boursegram
user188200496,71161,2023-05-14T09:25:16,1684043716,"پنل من مثبت نشون میده.کارگزاریتون چیه؟
",71156,پنل من مثبت نشون میده . کارگزاریتون چیه ؟,بورسگرام | Boursegram
user99901769,71163,2023-05-14T09:25:44,1684043744,"کو تا صف فروش
",71156,کو تا صف فروش,بورسگرام | Boursegram
user99901769,71164,2023-05-14T09:26:52,1684043812,"یعنی حتی فرق صف فروشم نمیدونن .
یعنی حتی چیزی غیر صف خرید و صف فروش ندیدن
",71161,"یعنی حتی فرق صف فروشم نمیدونن .
 یعنی حتی چیزی غیر صف خرید و صف فروش ندیدن",بورسگرام | Boursegram
user1840617096,71165,2023-05-14T09:28:04,1684043884,"یک مقدار تردید و وحشت هنوز در بین سهامداران وجود دارد اما سهم های ذیل مساعد برای رشد هستند حتما کمی در سبد داشته باشید.
دامین
کماسه
بخاور
سپید
سلام
انشاالله تا آخر هفته از همین ۵ سهم سود خوبی دریافت میکنید
",,"یک مقدار تردید و وحشت هنوز در بین سهامداران وجود دارد اما سهم‌های ذیل مساعد برای رشد هستند حتما کمی در سبد داشته باشید .
 <دامین>
<کماسه>
بخاور
<سپید>
سلام
انشاالله تا آخر هفته از همین 5 سهم سود خوبی دریافت میکنید",بورسگرام | Boursegram
user1840617096,71166,2023-05-14T09:28:14,1684043894,"یک مقدار تردید و وحشت هنوز در بین سهامداران وجود دارد اما سهم های ذیل مساعد برای رشد هستند حتما کمی در سبد داشته باشید.
دامین
کماسه
بخاور
سپید
سلام
انشاالله تا آخر هفته از همین ۵ سهم سود خوبی دریافت میکنید
",,"یک مقدار تردید و وحشت هنوز در بین سهامداران وجود دارد اما سهم‌های ذیل مساعد برای رشد هستند حتما کمی در سبد داشته باشید .
 <دامین>
<کماسه>
بخاور
<سپید>
سلام
انشاالله تا آخر هفته از همین 5 سهم سود خوبی دریافت میکنید",بورسگرام | Boursegram
user1840617096,71167,2023-05-14T09:28:22,1684043902,"یک مقدار تردید و وحشت هنوز در بین سهامداران وجود دارد اما سهم های ذیل مساعد برای رشد هستند حتما کمی در سبد داشته باشید.
دامین
کماسه
بخاور
سپید
سلام
انشاالله تا آخر هفته از همین ۵ سهم سود خوبی دریافت میکنید
",,"یک مقدار تردید و وحشت هنوز در بین سهامداران وجود دارد اما سهم‌های ذیل مساعد برای رشد هستند حتما کمی در سبد داشته باشید .
 <دامین>
<کماسه>
بخاور
<سپید>
سلام
انشاالله تا آخر هفته از همین 5 سهم سود خوبی دریافت میکنید",بورسگرام | Boursegram
user1898661064,71170,2023-05-14T09:31:50,1684044110,"من دیروز گفتم بهترین نقطه ورود حکشتی و خزامیا هستش
",,من دیروز گفتم بهترین نقطه ورود <حکشتی> و <خزامیا> هستش,بورسگرام | Boursegram
user1898661064,71171,2023-05-14T09:34:19,1684044259,"حکشتی +5
",,<حکشتی> + 5,بورسگرام | Boursegram
user349763836,71173,2023-05-14T09:43:04,1684044784,"تابلو خودرو یجوریه
",,تابلو <خودرو> یجوریه,بورسگرام | Boursegram
user1762110936,71174,2023-05-14T09:43:44,1684044824,"آقا مانی
خزامیا نگه دارم یا ردش کنم
",,"آقا مانی
<خزامیا> نگه دارم یا ردش کنم",بورسگرام | Boursegram
user5242220299,71175,2023-05-14T09:45:18,1684044918,"خزامیا تو این اصلاح اخیر اصلاح زیادی نداشته بخاطر همین الان صف فروش هست
دیدتون بلند مدت هست نگهدارید
",71174,"<خزامیا> تو این اصلاح اخیر اصلاح زیادی نداشته بخاطر همین الان صف فروش هست
دیدتون بلند مدت هست نگهدارید",بورسگرام | Boursegram
user1762110936,71176,2023-05-14T09:47:14,1684045034,"خزامیا الان ده درصد سودم 
چکارک کنم
خودرو چی؟
",71175,"<خزامیا> الان ده درصد سودم 
چکارک کنم
<خودرو> چی ؟",بورسگرام | Boursegram
user5242220299,71177,2023-05-14T09:49:22,1684045162,"به نظر من که نگهداری کنید فعلا باز خودتون هر طور صلاح میدونید
بازار فعلا هیجان داره و سهم ها باید حجم بخورن تا روند بهتری شکل بگیره
",71176,"به نظر من که نگهداری کنید فعلا باز خودتون هر طور صلاح میدونید
بازار فعلا هیجان داره و سهم‌ها باید حجم بخورن تا روند بهتری شکل بگیره",بورسگرام | Boursegram
user75227606,71178,2023-05-14T09:48:12,1684045092,"چجور
",71173,چجور,بورسگرام | Boursegram
user5940059140,71186,2023-05-14T10:07:10,1684046230,"مهدی ساسانی تو وی ای پیش دزهراوی رو سیگنال کرده یه پله از صف فروش بردارین
",,مهدی ساسانی تو وی‌ای پیش <دزهراوی> رو سیگنال کرده یه پله از صف فروش بردارین,بورسگرام | Boursegram
user5940059140,71187,2023-05-14T10:05:37,1684046137,"میگه فردا صف خریده
",71186,میگه فردا صف خریده,بورسگرام | Boursegram
user580830025,71188,2023-05-14T10:05:40,1684046140,"غبهنوش
کسی تحلیل داره؟
",,"<غبهنوش>
کسی تحلیل داره ؟",بورسگرام | Boursegram
user580830025,71191,2023-05-14T10:12:34,1684046554,"غبهنوش
کسی تحلیل داره؟
",,"<غبهنوش>
کسی تحلیل داره ؟",بورسگرام | Boursegram
user1898661064,71196,2023-05-14T10:18:48,1684046928,"آقا 1 سوال غزر میخواد ماشین تولید کنه درسته من تا اونجایی که خبر دارم اجازشو از وزارت صمت گرفته
",,آقا 1 سوال <غزر> میخواد ماشین تولید کنه درسته من تا اونجایی که خبر دارم اجازشو از وزارت صمت گرفته,بورسگرام | Boursegram
user101702051,71200,2023-05-14T10:21:28,1684047088,"با اون نسبتا و پی به ای حتما هم صف خریده
",71187,با اون نسبتا و پی به‌ای حتما هم صف خریده,بورسگرام | Boursegram
user640353386,71203,2023-05-14T10:24:06,1684047246,"مثل اینکه خبر درسته 
ولی به نظرم تولید نیست 
مونتاژ ماشین چینیه
",71196,"مثل اینکه خبر درسته 
ولی به نظرم تولید نیست 
مونتاژ ماشین چینیه",بورسگرام | Boursegram
user580830025,71204,2023-05-14T10:24:06,1684047246,"وهور
مفته
غبهنوش
رو کسی تحلیل داره ازش؟
",,"وهور
مفته
<غبهنوش>
رو کسی تحلیل داره ازش ؟",بورسگرام | Boursegram
user349763836,71215,2023-05-14T11:11:12,1684050072,"صف خرید
",71178,صف خرید,بورسگرام | Boursegram
user732850104,71219,2023-05-14T10:32:46,1684047766,"عزیزانی که با من رو ختور کراش زدن
سودشون نوش جان💪💪💪💪
",,"عزیزانی که با من رو <ختور> کراش زدن
سودشون نوش جان",بورسگرام | Boursegram
user580830025,71220,2023-05-14T10:33:29,1684047809,"صف
غبهنوش
رو زدن
",71188,"صف
<غبهنوش>
رو زدن",بورسگرام | Boursegram
user732850104,71221,2023-05-14T10:34:24,1684047864,"بچها معاملات خمحرکه مشکوکه
بخواد بره کسی جلو دارش نیست
منظورم اینکه به قول دوستان بازار بخواد سبز بمونه این سهم هم بنیادی هستش همم خیلی از بازار عقبه میتونید زیرنظر داشته باشین
",,"بچها معاملات <خمحرکه> مشکوکه
بخواد بره کسی جلو دارش نیست
منظورم اینکه به قول دوستان بازار بخواد سبز بمونه این سهم هم بنیادی هستش همم خیلی از بازار عقبه میتونید زیرنظر داشته باشین",بورسگرام | Boursegram
user640353386,71222,2023-05-14T10:34:36,1684047876,"کراش ؟؟؟
",71219,کراش ؟؟؟,بورسگرام | Boursegram
user732850104,71223,2023-05-14T10:34:45,1684047885,"اره😂😂😂😂
",71222,اره,بورسگرام | Boursegram
user640353386,71225,2023-05-14T10:35:16,1684047916,"خوشگل باشه می ارزه 😉🤣
",71223,خوشگل باشه می‌ارزه,بورسگرام | Boursegram
user387230801,71227,2023-05-14T10:40:45,1684048245,"امید به خدا
",,<امید> به خدا,بورسگرام | Boursegram
user732850104,71232,2023-05-14T10:41:13,1684048273,"این خساپا لامصب موتورش روشن بشه ها
بازار رو میچرخونه تنهایی
",,"این <خساپا> لامصب موتورش روشن بشه ها
بازار رو میچرخونه تنهایی",بورسگرام | Boursegram
user732850104,71233,2023-05-14T10:42:40,1684048360,"اگه میخواین ببینید سهم های همجوارتون آخرش چی میشه
نگاهتون به خساپا باشه 
نمیدونم این سهم جریانش چیه
کل بازار رو تحت پوشش داره
بامنفی یامثبتش بازار عوض میشه
",,"اگه میخواین ببینید سهم‌های همجوارتون آخرش چی میشه
نگاهتون به <خساپا> باشه 
نمیدونم این سهم جریانش چیه
کل بازار رو تحت پوشش داره
بامنفی یامثبتش بازار عوض میشه",بورسگرام | Boursegram
user640353386,71237,2023-05-14T10:43:35,1684048415,"آخه 
سایپا مطمئن !
",71233,"آخه 
سایپا مطمئن !",بورسگرام | Boursegram
user349763836,71242,2023-05-14T10:48:33,1684048713,"خودرو هس کاکو
",71233,<خودرو> هس کاکو,بورسگرام | Boursegram
user732850104,71245,2023-05-14T10:50:04,1684048804,"خودرو هم لنگه خساپا
",71242,<خودرو> هم لنگه <خساپا>,بورسگرام | Boursegram
user732850104,71246,2023-05-14T10:51:15,1684048875,"خگستر اگه پولبگش به سقف قبلی اوکی بشه
فکرکنم کله قطعه سازها مثبتشون بره بالای 5
",,"<خگستر> اگه پولبگش به سقف قبلی اوکی بشه
فکرکنم کله قطعه سازها مثبتشون بره بالای 5",بورسگرام | Boursegram
user349763836,71247,2023-05-14T10:51:54,1684048914,"کپی اسمارت بورس😉
",71246,کپی اسمارت <بورس>,بورسگرام | Boursegram
user732850104,71265,2023-05-14T10:53:47,1684049027,"خوشتیپ فکرکنم از کانال ها بیرون‌نمیایی ها
یکم خودت رو سهم رو نگاه کن خب
کافر همه را مثله خودش میپندارد نمونشی ها😂😂😂
",71247,"خوشتیپ فکرکنم از کانال‌ها بیرون‌نمیایی ها
یکم خودت رو سهم رو نگاه کن خب
کافر همه را مثله خودش میپندارد نمونشی ها",بورسگرام | Boursegram
user349763836,71271,2023-05-14T10:54:40,1684049080,"معلومه خو😂😂😂
",71265,معلومه خو,بورسگرام | Boursegram
user732850104,71275,2023-05-14T10:55:18,1684049118,"بچها ختور درآستانه صف خرید حال کنید💪💪💪
",,بچها <ختور> درآستانه صف خرید حال کنید,بورسگرام | Boursegram
user626986100,71276,2023-05-14T10:55:23,1684049123,"تحیلیلتون رو از خودرو میگید لطفا من فکر میکردم حمایت ۳۷۰ باشه که نبود الان نمیدونم باهاش چی کنم متوجه روندش نمیشم ضررم هم زیاد شده
",,تحیلیلتون رو از <خودرو> میگید لطفا من فکر میکردم حمایت 370 باشه که نبود الان نمیدونم باهاش چی کنم متوجه روندش نمیشم ضررم هم زیاد شده,بورسگرام | Boursegram
user349763836,71278,2023-05-14T10:55:48,1684049148,"چن درصد تو ضرری
",71276,چن درصد تو ضرری,بورسگرام | Boursegram
user203669111,71306,2023-05-14T11:04:28,1684049668,"سلام کسی در مورد فاراک تحلیلی داره ؟؟؟؟
",,سلام کسی در مورد <فاراک> تحلیلی داره ؟؟؟؟,بورسگرام | Boursegram
user343007689,71308,2023-05-14T11:05:24,1684049724,"لطفا در مورد پذیره نویسی سهام کرازیح توضیح بدید
",,لطفا در مورد پذیره نویسی سهام <کرازیح> توضیح بدید,بورسگرام | Boursegram
user5938753354,71309,2023-05-14T11:06:32,1684049792,"پذیر نویسی ثبت نام کنی راحت پولت ۱ تا ۲ ساله میخوابه
",71308,‌پذیر نویسی ثبت نام کنی راحت پولت 1 تا 2 ساله میخوابه,بورسگرام | Boursegram
user101702051,71317,2023-05-14T11:16:15,1684050375,"واسه سبد دیگران ضستا6010 گرفتم تو یه روز بیس درصد تو سودن اونوقت خودم پولم تو اختیار خپارس قفله
",,واسه سبد دیگران ضستا6010 گرفتم تو یه روز بیس درصد تو سودن اونوقت خودم پولم تو اختیار <خپارس> قفله,بورسگرام | Boursegram
user361289170,71320,2023-05-14T11:16:38,1684050398,"اختیار چجوری میشه خرید
",71317,اختیار چجوری میشه خرید,بورسگرام | Boursegram
user101702051,71322,2023-05-14T11:17:34,1684050454,"اصلا سمتش نرو خیلی ریسکیه
",71320,اصلا سمتش نرو خیلی ریسکیه,بورسگرام | Boursegram
user5242220299,71323,2023-05-14T11:18:11,1684050491,"خنصیر
صف فروش قابل بررسی
",,"<خنصیر>
صف فروش قابل بررسی",بورسگرام | Boursegram
user361289170,71325,2023-05-14T11:19:38,1684050578,"چشم
",71322,چشم,بورسگرام | Boursegram
user92318709,71326,2023-05-14T11:19:50,1684050590,"برای خرید این نماد کد بورس کالا لازمه؟
",,برای خرید این نماد کد <بورس> <کالا> لازمه ؟,بورسگرام | Boursegram
user640353386,71327,2023-05-14T11:20:05,1684050605,"دوستان تکنیکالی یه سوال ؟
آیا خمحرکه روی ۱۱۰۰ تومان مقاومت داره ؟
اگر اینطوره چرا بعنوان حمایت عمل نکرده این محدوده؟
",,"دوستان تکنیکالی یه سوال ؟
 آیا <خمحرکه> روی 1100 تومان مقاومت داره ؟
 اگر اینطوره چرا بعنوان حمایت عمل نکرده این محدوده ؟",بورسگرام | Boursegram
user101702051,71329,2023-05-14T11:21:18,1684050678,"ولی یاد بگیر کامل درکش کن بعد با پول خیلی کم معامله کن یه مدت مثبت و منفیشو ببین چون اگه فقط سودشو ببینی به فنا میری فک میکنی همیشه همینجوره خریدات بی دقت میشع
",71325,ولی یاد بگیر کامل درکش کن بعد با پول خیلی کم معامله کن یه مدت مثبت و منفیشو ببین چون اگه فقط سودشو ببینی به فنا میری فک میکنی همیشه همینجوره خریدات بی‌دقت میشع,بورسگرام | Boursegram
user5242220299,71331,2023-05-14T11:21:50,1684050710,"مقاومت های مهم سهم 1150 و 1350 حد ضرر شکست 1000
",71327,مقاومت‌های مهم سهم 1150 و 1350 حد ضرر شکست 1000,بورسگرام | Boursegram
user361289170,71333,2023-05-14T11:23:03,1684050783,"داداش سرچ کردم نمیاد تو نمادها. آیا شرایط خاصی داره؟؟؟؟ باید جایی کاری انجام بدیم؟؟؟؟
",71329,داداش سرچ کردم نمیاد تو نمادها . آیا شرایط خاصی داره ؟؟؟؟ باید جایی کاری انجام بدیم ؟؟؟؟,بورسگرام | Boursegram
user640353386,71334,2023-05-14T11:23:28,1684050808,"ممنونم آقا مانی 🙏
پس این محدوده فعلا مقاومته
",71331,"ممنونم آقا مانی 
پس این محدوده فعلا مقاومته",بورسگرام | Boursegram
user101702051,71335,2023-05-14T11:23:34,1684050814,"نه یه سری اموزش و ازمون های مختلف از طرف کارگزاری نیازه و بازار به شدت پرریسک و خطرناکیه
",71326,نه یه سری اموزش و ازمون‌های مختلف از طرف کارگزاری نیازه و بازار به شدت پرریسک و خطرناکیه,بورسگرام | Boursegram
user5242220299,71339,2023-05-14T11:25:21,1684050921,"خواهش میکنم ، تو منفی ها میتونستید خرید بزنید البته اگه دید میان مدت یا بلند مدت دارید اهداف خوبی داره این سهم
مدتی ممکنه زیر مقاومت 1350 رنج بزنه
اهداف 1850 و 2300
",71334,"خواهش میکنم ، تو منفی‌ها میتونستید خرید بزنید البته اگه دید میان مدت یا بلند مدت دارید اهداف خوبی داره این سهم
مدتی ممکنه زیر مقاومت 1350 رنج بزنه
اهداف 1850 و 2300",بورسگرام | Boursegram
user101702051,71341,2023-05-14T11:26:54,1684051014,"تو گوگل سرچ کن بخون راجبش دوخطی نیس که من توضیح بدم
",71333,تو گوگل سرچ کن بخون راجبش دوخطی نیس که من توضیح بدم,بورسگرام | Boursegram
